N,mean_bias_a,mean_bias_v,mean_bias_t,mean_squared_error_a,mean_squared_error_v,mean_squared_error_t
10,-0.0516197,-0.0449666,-0.000178808,0.052078,0.048209,0.00257734
40,-0.0490899,-0.0496197,-0.000233697,0.0514535,0.048884,0.00251796
4000,-0.0511051,-0.0479678,-0.000808555,0.0518986,0.0488913,0.00271409
