rt,acc
0.8973399256532322,1
0.8044076117899954,1
0.6569913498449624,1
0.7422115435936318,1
0.7224128833296033,1
0.8211334222161562,1
0.7174459454391222,1
0.7536046689285523,1
0.7329574072381737,1
0.8727819344367035,1
