rt,acc
1.0876212958469087,1
0.9821980172867834,1
1.0231649852870228,1
1.088844292061676,1
1.175797807448908,1
1.0928109082482345,1
2.2368213351842146,0
1.0783121063700642,1
1.1043213394727687,1
1.201714214999623,1
