N,iteration,bias_a,bias_v,bias_t,squared_error_a,squared_error_v,squared_error_t
10,1.7231831797953445,1.3743934382814793,0.33592429717973515
10,1,,,,,,
10,0.9281957943924569,1.3955334580963505,0.1215209405518401
10,2,,,,,,
10,0.9235887393339595,1.13372605505942,0.1636640395980405
10,3,,,,,,
10,1.5630803744217094,0.5039794347745853,0.27837503904145255
10,4,,,,,,
10,1.1417161516503418,1.8577918488451928,0.2940938675292631
10,5,,,,,,
10,1.4890944661230718,0.8128799469225519,0.15278115261601577
10,6,,,,,,
10,0.7726823205342228,1.3030056925135172,0.3022584794478805
10,7,,,,,,
10,0.812596561111605,1.8396506663466776,0.2839596508673875
10,8,,,,,,
10,1.915300080291577,1.1899953729927706,0.12493855274347482
10,9,,,,,,
10,1.5539547753739607,1.1336435521061,0.2078581770230867
10,10,,,,,,
10,1.6500579934026778,0.8250268720276628,0.45191374509246895
10,11,,,,,,
10,1.7188662036521793,1.917962354753549,0.22737120187606405
10,12,,,,,,
10,1.1471180867960995,1.3464882558706512,0.19077925052039946
10,13,,,,,,
10,0.722729775373831,0.5827038834871241,0.1320395853030256
10,14,,,,,,
10,0.9165964032152638,0.8654667297104793,0.32151401643586086
10,15,,,,,,
10,0.9108529986409769,1.7073780202934876,0.3160031247039251
10,16,,,,,,
10,1.8961300447864964,0.5813120949683177,0.4371028777847794
10,17,,,,,,
10,1.3716606635791873,1.6187693244277732,0.2621098134468952
10,18,,,,,,
10,1.6238940275406843,1.9315908887851152,0.14244455521103996
10,19,,,,,,
10,1.389888328531489,1.9344786603667583,0.2357458144416653
10,20,,,,,,
10,1.3881763616226472,1.8913564500539513,0.388685941665014
10,21,,,,,,
10,1.1245080101302833,0.9973081473485719,0.19299590654552393
10,22,,,,,,
10,1.0992771005333515,1.3583972050378958,0.39098059690461784
10,23,,,,,,
10,0.5845858113052544,1.2593205066203126,0.292956816601188
